FAQ,Fruits,Vegetables,Grains,Protein Foods,Dairy,Healthy/Beauty,Cooking,Recipes,Beverage
stores,apple,Dark Green,rice,meat,cheese,tooth,pan,search,pitcher
stock,bananas,carrots,corn,chicken,milk,paste,temperature,recipe,soda
discontinue,orange,broccoli,beans,ham,yogurt,brush,broil,tbsp,cola
shelve,peach,collard,wheat,beef,eggs,lipstick,bake,pour,fizz
patio,pear,greens,flour,deli,cream,shades,dough,quantity,coffee
umbrella,grapes,green bean,bread,turkey,,lotion,ferment,cake,tea
chair,watermelon,tomato,macroni,seafood,,moisturizer,cook,Salad,coco cola
contact,cantaloupe,potato,noodle,shushi,,tissue,heat,Lunch,pepsi
pack,pomegranate,peas,pasta,rotisseri,,paper towel,cool,Dinner,sprite
objects,strawberry,chickpeas,spagetti,drum,,toilet paper,simmer,Breakfast,fanta
hard,pineapple,lentils,roll,burger,,wipes,boil,Prepare,root
best,mango,kidney beans,macaroni,steak,,detergent,stir,,sherbert
expire,raisins,mushroom,shells,pork,,diaper,stock,,water
expiration,grapefruit,squash,cereal,chops,,,stove,,bottle
mold,cherries,lettuce,,soya,,,oven,,kombutcha
mould,Fruit juice,iceberg,,nut,,,pre-heat,,Kombucha's
fungi,100% fruit juice,avacado,,peanut,,,sauce,,
filled,fruit,cabbage,,cashew,,,sugar,,
health,cherry,cauli,,walnut,,,oil,,
arthritis,seed,kale,,fish,,,cookies,,
VM,prune,spinach,,pepperoni,,,,,
soggy,,,,,,,,,
trash,,,,,,,,,
LED,,,,,,,,,